{
  "getAllUserGrants" : {
    "transaction" : "getAllUserGrants",
    "sampleCount" : 150,
    "errorCount" : 145,
    "errorPct" : 96.666664,
    "meanResTime" : 95934.04000000002,
    "medianResTime" : 99040.0,
    "minResTime" : 4078.0,
    "maxResTime" : 172381.0,
    "pct1ResTime" : 115769.20000000004,
    "pct2ResTime" : 135304.44999999998,
    "pct3ResTime" : 171226.87000000002,
    "throughput" : 0.457098279177345,
    "receivedKBytesPerSec" : 0.3098090719533638,
    "sentKBytesPerSec" : 1.2101498387204905
  },
  "getProjectNav" : {
    "transaction" : "getProjectNav",
    "sampleCount" : 150,
    "errorCount" : 11,
    "errorPct" : 7.3333335,
    "meanResTime" : 3160.8933333333334,
    "medianResTime" : 2450.5,
    "minResTime" : 204.0,
    "maxResTime" : 94950.0,
    "pct1ResTime" : 4369.3,
    "pct2ResTime" : 4597.949999999999,
    "pct3ResTime" : 49255.530000000814,
    "throughput" : 0.4658746797111577,
    "receivedKBytesPerSec" : 1.9883264422703624,
    "sentKBytesPerSec" : 1.2447589098532494
  },
  "Total" : {
    "transaction" : "Total",
    "sampleCount" : 750,
    "errorCount" : 246,
    "errorPct" : 32.8,
    "meanResTime" : 40685.13333333335,
    "medianResTime" : 2873.0,
    "minResTime" : 106.0,
    "maxResTime" : 318103.0,
    "pct1ResTime" : 108680.8,
    "pct2ResTime" : 132080.29999999984,
    "pct3ResTime" : 195391.82,
    "throughput" : 2.251691019955987,
    "receivedKBytesPerSec" : 562.8415592453682,
    "sentKBytesPerSec" : 4.993300750113335
  },
  "getNavigations" : {
    "transaction" : "getNavigations",
    "sampleCount" : 150,
    "errorCount" : 0,
    "errorPct" : 0.0,
    "meanResTime" : 2409.26,
    "medianResTime" : 575.5,
    "minResTime" : 106.0,
    "maxResTime" : 129232.0,
    "pct1ResTime" : 2249.8000000000006,
    "pct2ResTime" : 3306.4999999999986,
    "pct3ResTime" : 110801.62000000033,
    "throughput" : 0.7757350089209526,
    "receivedKBytesPerSec" : 43.23543921146536,
    "sentKBytesPerSec" : 2.0506979190908385
  },
  "getAllModules" : {
    "transaction" : "getAllModules",
    "sampleCount" : 150,
    "errorCount" : 90,
    "errorPct" : 60.0,
    "meanResTime" : 101107.74000000005,
    "medianResTime" : 99191.0,
    "minResTime" : 3561.0,
    "maxResTime" : 318103.0,
    "pct1ResTime" : 170583.20000000016,
    "pct2ResTime" : 195315.09999999998,
    "pct3ResTime" : 312914.7700000001,
    "throughput" : 0.46152710087136317,
    "receivedKBytesPerSec" : 547.2280441942968,
    "sentKBytesPerSec" : 1.2146636102034412
  },
  "Login" : {
    "transaction" : "Login",
    "sampleCount" : 150,
    "errorCount" : 0,
    "errorPct" : 0.0,
    "meanResTime" : 813.7333333333338,
    "medianResTime" : 621.5,
    "minResTime" : 183.0,
    "maxResTime" : 3639.0,
    "pct1ResTime" : 1522.9,
    "pct2ResTime" : 2118.8999999999987,
    "pct3ResTime" : 3235.5900000000074,
    "throughput" : 2.1303792074989345,
    "receivedKBytesPerSec" : 7.348171646428065,
    "sentKBytesPerSec" : 1.0506264646357053
  }
}